{
  "save_path": "calibrations/wide_01.json",
  "pixel_points": [
    [
      345.0,
      176.0
    ],
    [
      271.0,
      286.0
    ],
    [
      489.0,
      221.0
    ],
    [
      1058.0,
      388.0
    ]
  ],
  "world_points_m": [
    [
      11.0,
      34.0
    ],
    [
      0.0,
      13.84000015258789
    ],
    [
      16.5,
      54.15999984741211
    ],
    [
      52.5,
      34.0
    ]
  ],
  "point_labels": [
    "top_left",
    "top_right",
    "bottom_right",
    "bottom_left"
  ]
}